Workbook

Sheet Watchlist
A1: Upstox Watchlist
A2: Fill in the Symbol column (A) only, starting row 5, with NSE trading symbols (e.g. RELIANCE, TCS). Run update_excel.py to populate columns B-I via the Upstox LTP API. Do not edit columns B-I directly - they are overwritten on each run.
A4: Symbol | B4: Instrument Key | C4: LTP | D4: LTQ | E4: Volume | F4: Prev Close | G4: Change | H4: Change % | I4: Last Updated
A5: MAHKTECH | B5: NSE_EQ|INF769K01HS7 | C5: 23.23 | D5: 8 | E5: 937285 | F5: 23.1 | G5: =IF(A5="","",C5-F5) | H5: =IF(OR(A5="",F5=0),"",(C5-F5)/F5) | I5: 2026-08-19 17:54:59
A6: HNGSNGBEES | B6: NSE_EQ|INF204KB19I1 | C6: 479.5 | D6: 2 | E6: 77201 | F6: 481.22 | I6: 2026-08-19 17:54:59
A7: GSEC10IETF | B7: NSE_EQ|INF109KC18O0 | C7: 266.89 | D7: 9 | E7: 575 | F7: 265.49 | I7: 2026-08-19 17:54:59
A8: SETF10GILT | B8: NSE_EQ|INF200KA1JT1 | C8: 265.4 | D8: 41 | E8: 284 | F8: 265.39 | G8: =IF(A8="","",C8-F8) | H8: =IF(OR(A8="",F8=0),"",(C8-F8)/F8) | I8: 2026-08-19 17:54:59
A9: LTGILTBEES | B9: NSE_EQ|INF204KB1882 | C9: 30.04 | D9: 3000 | E9: 561225 | F9: 30.02 | G9: =IF(A9="","",C9-F9) | H9: =IF(OR(A9="",F9=0),"",(C9-F9)/F9) | I9: 2026-08-19 17:54:59
A10: LICNETFGSC | B10: NSE_EQ|INF767K01MV5 | C10: 29.9 | D10: 3 | E10: 68488 | F10: 29.51 | G10: =IF(A10="","",C10-F10) | H10: =IF(OR(A10="",F10=0),"",(C10-F10)/F10) | I10: 2026-08-19 17:54:59
A11: GILT5YBEES | B11: NSE_EQ|INF204KC1030 | C11: 66.27 | D11: 771 | E11: 69863 | F11: 66.23 | G11: =IF(A11="","",C11-F11) | H11: =IF(OR(A11="",F11=0),"",(C11-F11)/F11) | I11: 2026-08-19 17:54:59
A12: PVTBANIETF | B12: NSE_EQ|INF109KC18U7 | C12: 27.65 | D12: 100 | E12: 1210942 | F12: 27.67 | G12: =IF(A12="","",C12-F12) | H12: =IF(OR(A12="",F12=0),"",(C12-F12)/F12) | I12: 2026-08-19 17:54:59
A13: PVTBANKADD | B13: NSE_EQ|INF740KA1TA7 | C13: 27.82 | D13: 314 | E13: 44088 | F13: 27.82 | G13: =IF(A13="","",C13-F13) | H13: =IF(OR(A13="",F13=0),"",(C13-F13)/F13) | I13: 2026-08-19 17:54:59
A14: CONSUMBEES | B14: NSE_EQ|INF204KA1LD7 | C14: 133 | D14: 78 | E14: 41453 | F14: 134.2 | G14: =IF(A14="","",C14-F14) | H14: =IF(OR(A14="",F14=0),"",(C14-F14)/F14) | I14: 2026-08-19 17:54:59
A15: ALPHAETF | B15: NSE_EQ|INF769K01KU7 | C15: 26.45 | D15: 5 | E15: 341006 | F15: 26.79 | G15: =IF(A15="","",C15-F15) | H15: =IF(OR(A15="",F15=0),"",(C15-F15)/F15) | I15: 2026-08-19 17:54:59
A16: HDFCMOMENT | B16: NSE_EQ|INF179KC1HV6 | C16: 31.18 | D16: 30 | E16: 207377 | F16: 31.42 | G16: =IF(A16="","",C16-F16) | H16: =IF(OR(A16="",F16=0),"",(C16-F16)/F16) | I16: 2026-08-19 17:54:59
A17: HDFCPVTBAN | B17: NSE_EQ|INF179KC1HZ7 | C17: 27.92 | D17: 525 | E17: 222559 | F17: 27.84 | G17: =IF(A17="","",C17-F17) | H17: =IF(OR(A17="",F17=0),"",(C17-F17)/F17) | I17: 2026-08-19 17:54:59
A18: BFSI | B18: NSE_EQ|INF769K01HI8 | C18: 27.11 | D18: 25 | E18: 93175 | F18: 27.22 | G18: =IF(A18="","",C18-F18) | H18: =IF(OR(A18="",F18=0),"",(C18-F18)/F18) | I18: 2026-08-19 17:54:59
A19: BANKBEES | B19: NSE_EQ|INF204KB15I9 | C19: 592.7 | D19: 18 | E19: 360616 | F19: 594.86 | G19: =IF(A19="","",C19-F19) | H19: =IF(OR(A19="",F19=0),"",(C19-F19)/F19) | I19: 2026-08-19 17:54:59
... A25: BANKNIFTY1 | B25: NSE_EQ|INF174KA1ZB7 | C25: 59.34 | D25: 1123 | E25: 422108 | F25: 59.63 | G25: =IF(A25="","",C25-F25) | H25: =IF(OR(A25="",F25=0),"",(C25-F25)/F25) | I25: 2026-08-19 17:54:59
A26: UTIBANKETF | B26: NOT FOUND | G26: =IF(A26="","",C26-F26) | H26: =IF(OR(A26="",F26=0),"",(C26-F26)/F26)
A27: MOMOMENTUM | B27: NSE_EQ|INF247L01BK2 | C27: 62.2 | D27: 205 | E27: 53710 | F27: 63.04 | G27: =IF(A27="","",C27-F27) | H27: =IF(OR(A27="",F27=0),"",(C27-F27)/F27) | I27: 2026-08-19 17:54:59
A28: MOMENTUM | B28: NSE_EQ|INF209KB14K7 | C28: 31.25 | D28: 50 | E28: 163712 | F28: 31.47 | G28: =IF(A28="","",C28-F28) | H28: =IF(OR(A28="",F28=0),"",(C28-F28)/F28) | I28: 2026-08-19 17:54:59
A29: PSUBNKBEES | B29: NSE_EQ|INF204KB16I7 | C29: 96.13 | D29: 3200 | E29: 875252 | F29: 96.52 | G29: =IF(A29="","",C29-F29) | H29: =IF(OR(A29="",F29=0),"",(C29-F29)/F29) | I29: 2026-08-19 17:54:59
A30: PSUBNKIETF | B30: NSE_EQ|INF109KC10S8 | C30: 87.59 | D30: 3 | E30: 54357 | F30: 87.45 | G30: =IF(A30="","",C30-F30) | H30: =IF(OR(A30="",F30=0),"",(C30-F30)/F30) | I30: 2026-08-19 17:54:59
A31: NIF5GETF | B31: NOT FOUND | G31: =IF(A31="","",C31-F31) | H31: =IF(OR(A31="",F31=0),"",(C31-F31)/F31)
A32: MOHEALTH | B32: NSE_EQ|INF247L01BB1 | C32: 51.4 | D32: 2 | E32: 27562 | F32: 51.46 | G32: =IF(A32="","",C32-F32) | H32: =IF(OR(A32="",F32=0),"",(C32-F32)/F32) | I32: 2026-08-19 17:54:59
A33: FMCGIETF | B33: NSE_EQ|INF109KC19V3 | C33: 51.17 | D33: 62 | E33: 1017354 | F33: 51.35 | G33: =IF(A33="","",C33-F33) | H33: =IF(OR(A33="",F33=0),"",(C33-F33)/F33) | I33: 2026-08-19 17:54:59
A34: HEALTHIETF | B34: NSE_EQ|INF109KC1Q72 | C34: 169.24 | D34: 3 | E34: 56446 | F34: 168.95 | G34: =IF(A34="","",C34-F34) | H34: =IF(OR(A34="",F34=0),"",(C34-F34)/F34) | I34: 2026-08-19 17:54:59
A35: MIDSMALL | B35: NSE_EQ|INF769K01LJ8 | C35: 51.91 | D35: 30 | E35: 277258 | F35: 52.33 | G35: =IF(A35="","",C35-F35) | H35: =IF(OR(A35="",F35=0),"",(C35-F35)/F35) | I35: 2026-08-19 17:54:59
A36: BSE500IETF | B36: NSE_EQ|INF109KC1V59 | C36: 39.62 | D36: 44 | E36: 85980 | F36: 39.9 | G36: =IF(A36="","",C36-F36) | H36: =IF(OR(A36="",F36=0),"",(C36-F36)/F36) | I36: 2026-08-19 17:54:59
A37: HDFCPSUBK | B37: NSE_EQ|INF179KC1HW4 | C37: 86.5 | D37: 1 | E37: 33934 | F37: 87.17 | G37: =IF(A37="","",C37-F37) | H37: =IF(OR(A37="",F37=0),"",(C37-F37)/F37) | I37: 2026-08-19 17:54:59
A38: MASPTOP50 | B38: NSE_EQ|INF769K01HP3 | C38: 80.83 | D38: 35 | E38: 94313 | F38: 81.02 | G38: =IF(A38="","",C38-F38) | H38: =IF(OR(A38="",F38=0),"",(C38-F38)/F38) | I38: 2026-08-19 17:54:59
A39: MONQ50 | B39: NSE_EQ|INF247L01AU3 | C39: 151.65 | D39: 2 | E39: 134519 | F39: 151.2 | G39: =IF(A39="","",C39-F39) | H39: =IF(OR(A39="",F39=0),"",(C39-F39)/F39) | I39: 2026-08-19 17:54:59
A40: AUTOIETF | B40: NSE_EQ|INF109KC10V2 | C40: 30.2 | D40: 2 | E40: 917682 | F40: 30.4 | G40: =IF(A40="","",C40-F40) | H40: =IF(OR(A40="",F40=0),"",(C40-F40)/F40) | I40: 2026-08-19 17:54:59
A41: HDFCNIFTY | B41: NSE_EQ|INF179KC1965 | C41: 271.9 | D41: 44 | E41: 59746 | F41: 273.21 | G41: =IF(A41="","",C41-F41) | H41: =IF(OR(A41="",F41=0),"",(C41-F41)/F41) | I41: 2026-08-19 17:54:59
A42: AUTOBEES | B42: NSE_EQ|INF204KC1337 | C42: 302.5 | D42: 2 | E42: 160307 | F42: 303.77 | G42: =IF(A42="","",C42-F42) | H42: =IF(OR(A42="",F42=0),"",(C42-F42)/F42) | I42: 2026-08-19 17:54:59
A43: NIFTYBEES | B43: NSE_EQ|INF204KB14I2 | C43: 274.62 | D43: 500 | E43: 6107344 | F43: 276.1 | G43: =IF(A43="","",C43-F43) | H43: =IF(OR(A43="",F43=0),"",(C43-F43)/F43) | I43: 2026-08-19 17:54:59
... A48: NIFTYETF | B48: NSE_EQ|INF769K01EG9 | C48: 262.51 | D48: 400 | E48: 820285 | F48: 263.65 | G48: =IF(A48="","",C48-F48) | H48: =IF(OR(A48="",F48=0),"",(C48-F48)/F48) | I48: 2026-08-19 17:54:59
A49: UTINIFTETF | B49: NOT FOUND | G49: =IF(A49="","",C49-F49) | H49: =IF(OR(A49="",F49=0),"",(C49-F49)/F49)
A50: HDFCSENSEX | B50: NSE_EQ|INF179KC1HX2 | C50: 87.72 | D50: 10 | E50: 24563 | F50: 87.77 | G50: =IF(A50="","",C50-F50) | H50: =IF(OR(A50="",F50=0),"",(C50-F50)/F50) | I50: 2026-08-19 17:54:59
A51: MON100 | B51: NSE_EQ|INF247L01AP3 | C51: 336.38 | D51: 100 | E51: 966987 | F51: 336.33 | G51: =IF(A51="","",C51-F51) | H51: =IF(OR(A51="",F51=0),"",(C51-F51)/F51) | I51: 2026-08-19 17:54:59
A52: MONIFTY500 | B52: NSE_EQ|INF247L01BU1 | C52: 24.03 | D52: 500 | E52: 554753 | F52: 24.16 | G52: =IF(A52="","",C52-F52) | H52: =IF(OR(A52="",F52=0),"",(C52-F52)/F52) | I52: 2026-08-19 17:54:59
A53: NIFTY1 | B53: NSE_EQ|INF174K014P6 | C53: 268.06 | D53: 1 | E53: 57562 | F53: 269.09 | G53: =IF(A53="","",C53-F53) | H53: =IF(OR(A53="",F53=0),"",(C53-F53)/F53) | I53: 2026-08-19 17:54:59
A54: TOP100CASE | B54: NSE_EQ|INF0R8F01067 | C54: 10.62 | D54: 150 | E54: 575217 | F54: 10.69 | G54: =IF(A54="","",C54-F54) | H54: =IF(OR(A54="",F54=0),"",(C54-F54)/F54) | I54: 2026-08-19 17:54:59
A55: NIF100IETF | B55: NSE_EQ|INF109KC16V9 | C55: 28.22 | D55: 1 | E55: 65425 | F55: 28.38 | G55: =IF(A55="","",C55-F55) | H55: =IF(OR(A55="",F55=0),"",(C55-F55)/F55) | I55: 2026-08-19 17:54:59
A56: LOWVOLIETF | B56: NSE_EQ|INF109KC19U5 | C56: 22.28 | D56: 46 | E56: 1480900 | F56: 22.36 | G56: =IF(A56="","",C56-F56) | H56: =IF(OR(A56="",F56=0),"",(C56-F56)/F56) | I56: 2026-08-19 17:54:59
A57: ALPL30IETF | B57: NSE_EQ|INF109KC17V7 | C57: 28 | D57: 599 | E57: 270287 | F57: 28.27 | G57: =IF(A57="","",C57-F57) | H57: =IF(OR(A57="",F57=0),"",(C57-F57)/F57) | I57: 2026-08-19 17:54:59
A58: JUNIORBEES | B58: NSE_EQ|INF732E01045 | C58: 799.85 | D58: 10 | E58: 1560194 | F58: 805.9 | G58: =IF(A58="","",C58-F58) | H58: =IF(OR(A58="",F58=0),"",(C58-F58)/F58) | I58: 2026-08-19 17:54:59
A59: HDFCBSE500 | B59: NSE_EQ|INF179KC1EZ4 | C59: 37.73 | D59: 4131 | E59: 567561 | F59: 37.75 | G59: =IF(A59="","",C59-F59) | H59: =IF(OR(A59="",F59=0),"",(C59-F59)/F59) | I59: 2026-08-19 17:54:59
A60: HDFCSML250 | B60: NSE_EQ|INF179KC1FB2 | C60: 183.97 | D60: 10 | E60: 894851 | F60: 184.78 | G60: =IF(A60="","",C60-F60) | H60: =IF(OR(A60="",F60=0),"",(C60-F60)/F60) | I60: 2026-08-19 17:54:59
A61: HDFCLOWVOL | B61: NSE_EQ|INF179KC1HU8 | C61: 20.77 | D61: 81 | E61: 8907 | F61: 20.85 | G61: =IF(A61="","",C61-F61) | H61: =IF(OR(A61="",F61=0),"",(C61-F61)/F61) | I61: 2026-08-19 17:54:59
... A83: MIDCAPIETF | B83: NSE_EQ|INF109KC11W8 | C83: 24.17 | D83: 4 | E83: 977275 | F83: 24.26 | G83: =IF(A83="","",C83-F83) | H83: =IF(OR(A83="",F83=0),"",(C83-F83)/F83) | I83: 2026-08-19 17:54:59
A84: UTINEXT50 | B84: NOT FOUND | G84: =IF(A84="","",C84-F84) | H84: =IF(OR(A84="",F84=0),"",(C84-F84)/F84)
A85: SETFNN50 | B85: NSE_EQ|INF200KA1598 | C85: 792 | D85: 44 | E85: 19357 | F85: 798.66 | G85: =IF(A85="","",C85-F85) | H85: =IF(OR(A85="",F85=0),"",(C85-F85)/F85) | I85: 2026-08-19 17:54:59
A86: ABSLNN50ET | B86: NSE_EQ|INF209KB16D7 | C86: 78.3 | D86: 10 | E86: 12986 | F86: 78.32 | G86: =IF(A86="","",C86-F86) | H86: =IF(OR(A86="",F86=0),"",(C86-F86)/F86) | I86: 2026-08-19 17:54:59
A87: SBINEQWETF | B87: NSE_EQ|INF200KB1282 | C87: 33.47 | D87: 500 | E87: 24602 | F87: 33.69 | G87: =IF(A87="","",C87-F87) | H87: =IF(OR(A87="",F87=0),"",(C87-F87)/F87) | I87: 2026-08-19 17:54:59
A88: OILIETF | B88: NSE_EQ|INF109KC18W3 | C88: 11.36 | D88: 500 | E88: 688050 | F88: 11.39 | G88: =IF(A88="","",C88-F88) | H88: =IF(OR(A88="",F88=0),"",(C88-F88)/F88) | I88: 2026-08-19 17:54:59
A89: NIFTYQLITY | B89: NSE_EQ|INF209KB15K4 | C89: 21.57 | D89: 29 | E89: 173979 | F89: 21.68 | G89: =IF(A89="","",C89-F89) | H89: =IF(OR(A89="",F89=0),"",(C89-F89)/F89) | I89: 2026-08-19 17:54:59
A90: NV20IETF | B90: NSE_EQ|INF109KC11V0 | C90: 13.55 | D90: 1688 | E90: 517758 | F90: 13.65 | G90: =IF(A90="","",C90-F90) | H90: =IF(OR(A90="",F90=0),"",(C90-F90)/F90) | I90: 2026-08-19 17:54:59
A91: NV20 | B91: NSE_EQ|INF174KA1ZE1 | C91: 13.9 | D91: 362 | E91: 84750 | F91: 14.01 | G91: =IF(A91="","",C91-F91) | H91: =IF(OR(A91="",F91=0),"",(C91-F91)/F91) | I91: 2026-08-19 17:54:59
A92: NV20 | B92: NSE_EQ|INF174KA1ZE1 | C92: 13.9 | D92: 362 | E92: 84750 | F92: 14.01 | G92: =IF(A92="","",C92-F92) | H92: =IF(OR(A92="",F92=0),"",(C92-F92)/F92) | I92: 2026-08-19 17:54:59
A93: MAKEINDIA | B93: NSE_EQ|INF769K01IB1 | C93: 167.97 | D93: 2 | E93: 40807 | F93: 168.94 | G93: =IF(A93="","",C93-F93) | H93: =IF(OR(A93="",F93=0),"",(C93-F93)/F93) | I93: 2026-08-19 17:54:59
A94: ABSLPSE | B94: NSE_EQ|INF209KB19Z4 | C94: 10.22 | D94: 1 | E94: 162788 | F94: 10.21 | G94: =IF(A94="","",C94-F94) | H94: =IF(OR(A94="",F94=0),"",(C94-F94)/F94) | I94: 2026-08-19 17:54:59
A95: QUAL30IETF | B95: NSE_EQ|INF109KC18V5 | C95: 21.24 | D95: 33 | E95: 146975 | F95: 21.38 | I95: 2026-08-19 17:54:59
A96: GROWWEV | B96: NSE_EQ|INF666M01IH2 | C96: 33.63 | D96: 46 | E96: 250710 | F96: 33.93 | I96: 2026-08-19 17:54:59
A97: EVINDIA | B97: NSE_EQ|INF769K01LQ3 | C97: 33.91 | D97: 5 | E97: 292688 | F97: 34.18 | I97: 2026-08-19 17:54:59
A98: COMMOIETF | B98: NSE_EQ|INF109KC19O8 | C98: 99.25 | D98: 68 | E98: 25771 | F98: 99.83 | I98: 2026-08-19 17:54:59
A99: TNIDETF | B99: NSE_EQ|INF277KA1364 | C99: 89.56 | D99: 39 | E99: 49553 | F99: 89.72 | I99: 2026-08-19 17:54:59
A100: MOVALUE | B100: NSE_EQ|INF247L01BE5 | C100: 112.97 | D100: 86 | E100: 87863 | F100: 113.68 | I100: 2026-08-19 17:54:59
A101: DIVOPPBEES | B101: NSE_EQ|INF204KA1MS3 | C101: 77.55 | D101: 328 | E101: 121615 | F101: 77.77 | I101: 2026-08-19 17:54:59
A102: ITIETF | B102: NSE_EQ|INF109KC16I6 | C102: 33.65 | D102: 356 | E102: 348747 | F102: 33.66 | I102: 2026-08-19 17:54:59
A103: HDFCNIFIT | B103: NSE_EQ|INF179KC1IA8 | C103: 32.33 | D103: 948 | E103: 59959 | F103: 32.34 | I103: 2026-08-19 17:54:59

Sheet Analysis
A1: Watchlist Analysis
A2: Symbol and CMP columns are linked to the Watchlist sheet. Columns C-H are placeholders pending formulas.
A4: Symbol | B4: CMP | C4: 20 MA | D4: CMP-20MA | E4: % Change 20 MA Vs CMP | G4: PDP | H4: Change in %
A5: =Watchlist!A5 | B5: =Watchlist!C5 | C5: 23.4815 | D5: =IF(OR(B5="",C5="",C5=0),"",B5-C5) | E5: =IF(OR(B5="",C5="",C5=0),"",(B5-C5)/C5) | G5: =Watchlist!F5 | H5: =IF(OR(B5="",G5="",G5=0),"",(B5-G5)/G5)
A6: =Watchlist!A6 | B6: =Watchlist!C6 | C6: 487.1285 | D6: =IF(OR(B6="",C6="",C6=0),"",B6-C6) | E6: =IF(OR(B6="",C6="",C6=0),"",(B6-C6)/C6) | G6: =Watchlist!F6 | H6: =IF(OR(B6="",G6="",G6=0),"",(B6-G6)/G6)
A7: =Watchlist!A7 | B7: =Watchlist!C7 | C7: 264.8575 | D7: =IF(OR(B7="",C7="",C7=0),"",B7-C7) | E7: =IF(OR(B7="",C7="",C7=0),"",(B7-C7)/C7) | G7: =Watchlist!F7 | H7: =IF(OR(B7="",G7="",G7=0),"",(B7-G7)/G7)
A8: =Watchlist!A8 | B8: =Watchlist!C8 | C8: 265.7105 | D8: =IF(OR(B8="",C8="",C8=0),"",B8-C8) | E8: =IF(OR(B8="",C8="",C8=0),"",(B8-C8)/C8) | G8: =Watchlist!F8 | H8: =IF(OR(B8="",G8="",G8=0),"",(B8-G8)/G8)
A9: =Watchlist!A9 | B9: =Watchlist!C9 | C9: 29.9925 | D9: =IF(OR(B9="",C9="",C9=0),"",B9-C9) | E9: =IF(OR(B9="",C9="",C9=0),"",(B9-C9)/C9) | G9: =Watchlist!F9 | H9: =IF(OR(B9="",G9="",G9=0),"",(B9-G9)/G9)
A10: =Watchlist!A10 | B10: =Watchlist!C10 | C10: 29.5085 | D10: =IF(OR(B10="",C10="",C10=0),"",B10-C10) | E10: =IF(OR(B10="",C10="",C10=0),"",(B10-C10)/C10) | G10: =Watchlist!F10 | H10: =IF(OR(B10="",G10="",G10=0),"",(B10-G10)/G10)
A11: =Watchlist!A11 | B11: =Watchlist!C11 | C11: 66.206 | D11: =IF(OR(B11="",C11="",C11=0),"",B11-C11) | E11: =IF(OR(B11="",C11="",C11=0),"",(B11-C11)/C11) | G11: =Watchlist!F11 | H11: =IF(OR(B11="",G11="",G11=0),"",(B11-G11)/G11)
A12: =Watchlist!A12 | B12: =Watchlist!C12 | C12: 27.754 | D12: =IF(OR(B12="",C12="",C12=0),"",B12-C12) | E12: =IF(OR(B12="",C12="",C12=0),"",(B12-C12)/C12) | G12: =Watchlist!F12 | H12: =IF(OR(B12="",G12="",G12=0),"",(B12-G12)/G12)
A13: =Watchlist!A13 | B13: =Watchlist!C13 | C13: 27.8855 | D13: =IF(OR(B13="",C13="",C13=0),"",B13-C13) | E13: =IF(OR(B13="",C13="",C13=0),"",(B13-C13)/C13) | G13: =Watchlist!F13 | H13: =IF(OR(B13="",G13="",G13=0),"",(B13-G13)/G13)
A14: =Watchlist!A14 | B14: =Watchlist!C14 | C14: 134.0805 | D14: =IF(OR(B14="",C14="",C14=0),"",B14-C14) | E14: =IF(OR(B14="",C14="",C14=0),"",(B14-C14)/C14) | G14: =Watchlist!F14 | H14: =IF(OR(B14="",G14="",G14=0),"",(B14-G14)/G14)
A15: =Watchlist!A15 | B15: =Watchlist!C15 | C15: 26.3075 | D15: =IF(OR(B15="",C15="",C15=0),"",B15-C15) | E15: =IF(OR(B15="",C15="",C15=0),"",(B15-C15)/C15) | G15: =Watchlist!F15 | H15: =IF(OR(B15="",G15="",G15=0),"",(B15-G15)/G15)
A16: =Watchlist!A16 | B16: =Watchlist!C16 | C16: 30.9935 | D16: =IF(OR(B16="",C16="",C16=0),"",B16-C16) | E16: =IF(OR(B16="",C16="",C16=0),"",(B16-C16)/C16) | G16: =Watchlist!F16 | H16: =IF(OR(B16="",G16="",G16=0),"",(B16-G16)/G16)
... A25: =Watchlist!A25 | B25: =Watchlist!C25 | C25: 59.613 | D25: =IF(OR(B25="",C25="",C25=0),"",B25-C25) | E25: =IF(OR(B25="",C25="",C25=0),"",(B25-C25)/C25) | G25: =Watchlist!F25 | H25: =IF(OR(B25="",G25="",G25=0),"",(B25-G25)/G25)
A26: =Watchlist!A26 | B26: =Watchlist!C26 | G26: =Watchlist!F26 | H26: =IF(OR(B26="",G26="",G26=0),"",(B26-G26)/G26)
A27: =Watchlist!A27 | B27: =Watchlist!C27 | C27: 62.206 | D27: =IF(OR(B27="",C27="",C27=0),"",B27-C27) | E27: =IF(OR(B27="",C27="",C27=0),"",(B27-C27)/C27) | G27: =Watchlist!F27 | H27: =IF(OR(B27="",G27="",G27=0),"",(B27-G27)/G27)
A28: =Watchlist!A28 | B28: =Watchlist!C28 | C28: 31.071 | D28: =IF(OR(B28="",C28="",C28=0),"",B28-C28) | E28: =IF(OR(B28="",C28="",C28=0),"",(B28-C28)/C28) | G28: =Watchlist!F28 | H28: =IF(OR(B28="",G28="",G28=0),"",(B28-G28)/G28)
A29: =Watchlist!A29 | B29: =Watchlist!C29 | C29: 95.332 | D29: =IF(OR(B29="",C29="",C29=0),"",B29-C29) | E29: =IF(OR(B29="",C29="",C29=0),"",(B29-C29)/C29) | G29: =Watchlist!F29 | H29: =IF(OR(B29="",G29="",G29=0),"",(B29-G29)/G29)
A30: =Watchlist!A30 | B30: =Watchlist!C30 | C30: 86.4285 | D30: =IF(OR(B30="",C30="",C30=0),"",B30-C30) | E30: =IF(OR(B30="",C30="",C30=0),"",(B30-C30)/C30) | G30: =Watchlist!F30 | H30: =IF(OR(B30="",G30="",G30=0),"",(B30-G30)/G30)
A31: =Watchlist!A31 | B31: =Watchlist!C31 | G31: =Watchlist!F31 | H31: =IF(OR(B31="",G31="",G31=0),"",(B31-G31)/G31)
A32: =Watchlist!A32 | B32: =Watchlist!C32 | C32: 51.4905 | D32: =IF(OR(B32="",C32="",C32=0),"",B32-C32) | E32: =IF(OR(B32="",C32="",C32=0),"",(B32-C32)/C32) | G32: =Watchlist!F32 | H32: =IF(OR(B32="",G32="",G32=0),"",(B32-G32)/G32)
A33: =Watchlist!A33 | B33: =Watchlist!C33 | C33: 52.711 | D33: =IF(OR(B33="",C33="",C33=0),"",B33-C33) | E33: =IF(OR(B33="",C33="",C33=0),"",(B33-C33)/C33) | G33: =Watchlist!F33 | H33: =IF(OR(B33="",G33="",G33=0),"",(B33-G33)/G33)
A34: =Watchlist!A34 | B34: =Watchlist!C34 | C34: 170.022 | D34: =IF(OR(B34="",C34="",C34=0),"",B34-C34) | E34: =IF(OR(B34="",C34="",C34=0),"",(B34-C34)/C34) | G34: =Watchlist!F34 | H34: =IF(OR(B34="",G34="",G34=0),"",(B34-G34)/G34)
A35: =Watchlist!A35 | B35: =Watchlist!C35 | C35: 51.5185 | D35: =IF(OR(B35="",C35="",C35=0),"",B35-C35) | E35: =IF(OR(B35="",C35="",C35=0),"",(B35-C35)/C35) | G35: =Watchlist!F35 | H35: =IF(OR(B35="",G35="",G35=0),"",(B35-G35)/G35)
A36: =Watchlist!A36 | B36: =Watchlist!C36 | C36: 39.6685 | D36: =IF(OR(B36="",C36="",C36=0),"",B36-C36) | E36: =IF(OR(B36="",C36="",C36=0),"",(B36-C36)/C36) | G36: =Watchlist!F36 | H36: =IF(OR(B36="",G36="",G36=0),"",(B36-G36)/G36)
A37: =Watchlist!A37 | B37: =Watchlist!C37 | C37: 86.1395 | D37: =IF(OR(B37="",C37="",C37=0),"",B37-C37) | E37: =IF(OR(B37="",C37="",C37=0),"",(B37-C37)/C37) | G37: =Watchlist!F37 | H37: =IF(OR(B37="",G37="",G37=0),"",(B37-G37)/G37)
A38: =Watchlist!A38 | B38: =Watchlist!C38 | C38: 79.3005 | D38: =IF(OR(B38="",C38="",C38=0),"",B38-C38) | E38: =IF(OR(B38="",C38="",C38=0),"",(B38-C38)/C38) | G38: =Watchlist!F38 | H38: =IF(OR(B38="",G38="",G38=0),"",(B38-G38)/G38)
A39: =Watchlist!A39 | B39: =Watchlist!C39 | C39: 144.229 | D39: =IF(OR(B39="",C39="",C39=0),"",B39-C39) | E39: =IF(OR(B39="",C39="",C39=0),"",(B39-C39)/C39) | G39: =Watchlist!F39 | H39: =IF(OR(B39="",G39="",G39=0),"",(B39-G39)/G39)
A40: =Watchlist!A40 | B40: =Watchlist!C40 | C40: 29.7065 | D40: =IF(OR(B40="",C40="",C40=0),"",B40-C40) | E40: =IF(OR(B40="",C40="",C40=0),"",(B40-C40)/C40) | G40: =Watchlist!F40 | H40: =IF(OR(B40="",G40="",G40=0),"",(B40-G40)/G40)
A41: =Watchlist!A41 | B41: =Watchlist!C41 | C41: 273.7375 | D41: =IF(OR(B41="",C41="",C41=0),"",B41-C41) | E41: =IF(OR(B41="",C41="",C41=0),"",(B41-C41)/C41) | G41: =Watchlist!F41 | H41: =IF(OR(B41="",G41="",G41=0),"",(B41-G41)/G41)
A42: =Watchlist!A42 | B42: =Watchlist!C42 | C42: 296.8395 | D42: =IF(OR(B42="",C42="",C42=0),"",B42-C42) | E42: =IF(OR(B42="",C42="",C42=0),"",(B42-C42)/C42) | G42: =Watchlist!F42 | H42: =IF(OR(B42="",G42="",G42=0),"",(B42-G42)/G42)
A43: =Watchlist!A43 | B43: =Watchlist!C43 | C43: 277.0435 | D43: =IF(OR(B43="",C43="",C43=0),"",B43-C43) | E43: =IF(OR(B43="",C43="",C43=0),"",(B43-C43)/C43) | G43: =Watchlist!F43 | H43: =IF(OR(B43="",G43="",G43=0),"",(B43-G43)/G43)
... A48: =Watchlist!A48 | B48: =Watchlist!C48 | C48: 264.611 | D48: =IF(OR(B48="",C48="",C48=0),"",B48-C48) | E48: =IF(OR(B48="",C48="",C48=0),"",(B48-C48)/C48) | G48: =Watchlist!F48 | H48: =IF(OR(B48="",G48="",G48=0),"",(B48-G48)/G48)
A49: =Watchlist!A49 | B49: =Watchlist!C49 | G49: =Watchlist!F49 | H49: =IF(OR(B49="",G49="",G49=0),"",(B49-G49)/G49)
A50: =Watchlist!A50 | B50: =Watchlist!C50 | C50: 88.122 | D50: =IF(OR(B50="",C50="",C50=0),"",B50-C50) | E50: =IF(OR(B50="",C50="",C50=0),"",(B50-C50)/C50) | G50: =Watchlist!F50 | H50: =IF(OR(B50="",G50="",G50=0),"",(B50-G50)/G50)
A51: =Watchlist!A51 | B51: =Watchlist!C51 | C51: 324.809 | D51: =IF(OR(B51="",C51="",C51=0),"",B51-C51) | E51: =IF(OR(B51="",C51="",C51=0),"",(B51-C51)/C51) | G51: =Watchlist!F51 | H51: =IF(OR(B51="",G51="",G51=0),"",(B51-G51)/G51)
A52: =Watchlist!A52 | B52: =Watchlist!C52 | C52: 24.015 | D52: =IF(OR(B52="",C52="",C52=0),"",B52-C52) | E52: =IF(OR(B52="",C52="",C52=0),"",(B52-C52)/C52) | G52: =Watchlist!F52 | H52: =IF(OR(B52="",G52="",G52=0),"",(B52-G52)/G52)
A53: =Watchlist!A53 | B53: =Watchlist!C53 | C53: 269.7125 | D53: =IF(OR(B53="",C53="",C53=0),"",B53-C53) | E53: =IF(OR(B53="",C53="",C53=0),"",(B53-C53)/C53) | G53: =Watchlist!F53 | H53: =IF(OR(B53="",G53="",G53=0),"",(B53-G53)/G53)
A54: =Watchlist!A54 | B54: =Watchlist!C54 | C54: 10.6775 | D54: =IF(OR(B54="",C54="",C54=0),"",B54-C54) | E54: =IF(OR(B54="",C54="",C54=0),"",(B54-C54)/C54) | G54: =Watchlist!F54 | H54: =IF(OR(B54="",G54="",G54=0),"",(B54-G54)/G54)
A55: =Watchlist!A55 | B55: =Watchlist!C55 | C55: 28.3565 | D55: =IF(OR(B55="",C55="",C55=0),"",B55-C55) | E55: =IF(OR(B55="",C55="",C55=0),"",(B55-C55)/C55) | G55: =Watchlist!F55 | H55: =IF(OR(B55="",G55="",G55=0),"",(B55-G55)/G55)
A56: =Watchlist!A56 | B56: =Watchlist!C56 | C56: 22.5625 | D56: =IF(OR(B56="",C56="",C56=0),"",B56-C56) | E56: =IF(OR(B56="",C56="",C56=0),"",(B56-C56)/C56) | G56: =Watchlist!F56 | H56: =IF(OR(B56="",G56="",G56=0),"",(B56-G56)/G56)
A57: =Watchlist!A57 | B57: =Watchlist!C57 | C57: 28.2495 | D57: =IF(OR(B57="",C57="",C57=0),"",B57-C57) | E57: =IF(OR(B57="",C57="",C57=0),"",(B57-C57)/C57) | G57: =Watchlist!F57 | H57: =IF(OR(B57="",G57="",G57=0),"",(B57-G57)/G57)
A58: =Watchlist!A58 | B58: =Watchlist!C58 | C58: 796.779 | D58: =IF(OR(B58="",C58="",C58=0),"",B58-C58) | E58: =IF(OR(B58="",C58="",C58=0),"",(B58-C58)/C58) | G58: =Watchlist!F58 | H58: =IF(OR(B58="",G58="",G58=0),"",(B58-G58)/G58)
A59: =Watchlist!A59 | B59: =Watchlist!C59 | C59: 37.8445 | D59: =IF(OR(B59="",C59="",C59=0),"",B59-C59) | E59: =IF(OR(B59="",C59="",C59=0),"",(B59-C59)/C59) | G59: =Watchlist!F59 | H59: =IF(OR(B59="",G59="",G59=0),"",(B59-G59)/G59)
A60: =Watchlist!A60 | B60: =Watchlist!C60 | C60: 182.626 | D60: =IF(OR(B60="",C60="",C60=0),"",B60-C60) | E60: =IF(OR(B60="",C60="",C60=0),"",(B60-C60)/C60) | G60: =Watchlist!F60 | H60: =IF(OR(B60="",G60="",G60=0),"",(B60-G60)/G60)
A61: =Watchlist!A61 | B61: =Watchlist!C61 | C61: 21.004 | D61: =IF(OR(B61="",C61="",C61=0),"",B61-C61) | E61: =IF(OR(B61="",C61="",C61=0),"",(B61-C61)/C61) | G61: =Watchlist!F61 | H61: =IF(OR(B61="",G61="",G61=0),"",(B61-G61)/G61)
... A83: =Watchlist!A83 | B83: =Watchlist!C83 | C83: 24.054 | D83: =IF(OR(B83="",C83="",C83=0),"",B83-C83) | E83: =IF(OR(B83="",C83="",C83=0),"",(B83-C83)/C83) | G83: =Watchlist!F83 | H83: =IF(OR(B83="",G83="",G83=0),"",(B83-G83)/G83)
A84: =Watchlist!A84 | B84: =Watchlist!C84 | G84: =Watchlist!F84 | H84: =IF(OR(B84="",G84="",G84=0),"",(B84-G84)/G84)
A85: =Watchlist!A85 | B85: =Watchlist!C85 | C85: 789.7305 | D85: =IF(OR(B85="",C85="",C85=0),"",B85-C85) | E85: =IF(OR(B85="",C85="",C85=0),"",(B85-C85)/C85) | G85: =Watchlist!F85 | H85: =IF(OR(B85="",G85="",G85=0),"",(B85-G85)/G85)
A86: =Watchlist!A86 | B86: =Watchlist!C86 | C86: 77.4415 | D86: =IF(OR(B86="",C86="",C86=0),"",B86-C86) | E86: =IF(OR(B86="",C86="",C86=0),"",(B86-C86)/C86) | G86: =Watchlist!F86 | H86: =IF(OR(B86="",G86="",G86=0),"",(B86-G86)/G86)
A87: =Watchlist!A87 | B87: =Watchlist!C87 | C87: 33.8475 | D87: =IF(OR(B87="",C87="",C87=0),"",B87-C87) | E87: =IF(OR(B87="",C87="",C87=0),"",(B87-C87)/C87) | G87: =Watchlist!F87 | H87: =IF(OR(B87="",G87="",G87=0),"",(B87-G87)/G87)
A88: =Watchlist!A88 | B88: =Watchlist!C88 | C88: 11.362 | D88: =IF(OR(B88="",C88="",C88=0),"",B88-C88) | E88: =IF(OR(B88="",C88="",C88=0),"",(B88-C88)/C88) | G88: =Watchlist!F88 | H88: =IF(OR(B88="",G88="",G88=0),"",(B88-G88)/G88)
A89: =Watchlist!A89 | B89: =Watchlist!C89 | C89: 21.6575 | D89: =IF(OR(B89="",C89="",C89=0),"",B89-C89) | E89: =IF(OR(B89="",C89="",C89=0),"",(B89-C89)/C89) | G89: =Watchlist!F89 | H89: =IF(OR(B89="",G89="",G89=0),"",(B89-G89)/G89)
A90: =Watchlist!A90 | B90: =Watchlist!C90 | C90: 13.7435 | D90: =IF(OR(B90="",C90="",C90=0),"",B90-C90) | E90: =IF(OR(B90="",C90="",C90=0),"",(B90-C90)/C90) | G90: =Watchlist!F90 | H90: =IF(OR(B90="",G90="",G90=0),"",(B90-G90)/G90)
A91: =Watchlist!A91 | B91: =Watchlist!C91 | C91: 14.096 | D91: =IF(OR(B91="",C91="",C91=0),"",B91-C91) | E91: =IF(OR(B91="",C91="",C91=0),"",(B91-C91)/C91) | G91: =Watchlist!F91 | H91: =IF(OR(B91="",G91="",G91=0),"",(B91-G91)/G91)
A92: =Watchlist!A92 | B92: =Watchlist!C92 | C92: 14.096 | D92: =IF(OR(B92="",C92="",C92=0),"",B92-C92) | E92: =IF(OR(B92="",C92="",C92=0),"",(B92-C92)/C92) | G92: =Watchlist!F92 | H92: =IF(OR(B92="",G92="",G92=0),"",(B92-G92)/G92)
A93: =Watchlist!A93 | B93: =Watchlist!C93 | C93: 166.527 | D93: =IF(OR(B93="",C93="",C93=0),"",B93-C93) | E93: =IF(OR(B93="",C93="",C93=0),"",(B93-C93)/C93) | G93: =Watchlist!F93 | H93: =IF(OR(B93="",G93="",G93=0),"",(B93-G93)/G93)
A94: =Watchlist!A94 | B94: =Watchlist!C94 | C94: 10.2975 | D94: =IF(OR(B94="",C94="",C94=0),"",B94-C94) | E94: =IF(OR(B94="",C94="",C94=0),"",(B94-C94)/C94) | G94: =Watchlist!F94 | H94: =IF(OR(B94="",G94="",G94=0),"",(B94-G94)/G94)
A95: =Watchlist!A95 | B95: =Watchlist!C95 | C95: 21.4325 | D95: =IF(OR(B95="",C95="",C95=0),"",B95-C95) | E95: =IF(OR(B95="",C95="",C95=0),"",(B95-C95)/C95) | G95: =Watchlist!F95 | H95: =IF(OR(B95="",G95="",G95=0),"",(B95-G95)/G95)
A96: =Watchlist!A96 | B96: =Watchlist!C96 | C96: 33.107 | D96: =IF(OR(B96="",C96="",C96=0),"",B96-C96) | E96: =IF(OR(B96="",C96="",C96=0),"",(B96-C96)/C96) | G96: =Watchlist!F96 | H96: =IF(OR(B96="",G96="",G96=0),"",(B96-G96)/G96)
... A103: =Watchlist!A103 | B103: =Watchlist!C103 | C103: 32.7935 | D103: =IF(OR(B103="",C103="",C103=0),"",B103-C103) | E103: =IF(OR(B103="",C103="",C103=0),"",(B103-C103)/C103) | G103: =Watchlist!F103 | H103: =IF(OR(B103="",G103="",G103=0),"",(B103-G103)/G103)

Sheet Top 5
A1: Top 5 - Lowest % Change 20 MA Vs CMP
A2: Ranked by the smallest (most negative) % Change 20 MA Vs CMP from the Analysis sheet. Live formulas - updates automatically.
A4: Rank | B4: Symbol | C4: CMP | D4: Diff in % CMP & 20 DMA
A5: 1 | B5: =INDEX(Analysis!$A$5:$A$103,MATCH(D5,Analysis!$E$5:$E$103,0)) | C5: =INDEX(Analysis!$B$5:$B$103,MATCH(D5,Analysis!$E$5:$E$103,0)) | D5: =SMALL(Analysis!$E$5:$E$103,1)
A6: 2 | B6: =INDEX(Analysis!$A$5:$A$103,MATCH(D6,Analysis!$E$5:$E$103,0)) | C6: =INDEX(Analysis!$B$5:$B$103,MATCH(D6,Analysis!$E$5:$E$103,0)) | D6: =SMALL(Analysis!$E$5:$E$103,2)
A7: 3 | B7: =INDEX(Analysis!$A$5:$A$103,MATCH(D7,Analysis!$E$5:$E$103,0)) | C7: =INDEX(Analysis!$B$5:$B$103,MATCH(D7,Analysis!$E$5:$E$103,0)) | D7: =SMALL(Analysis!$E$5:$E$103,3)
A8: 4 | B8: =INDEX(Analysis!$A$5:$A$103,MATCH(D8,Analysis!$E$5:$E$103,0)) | C8: =INDEX(Analysis!$B$5:$B$103,MATCH(D8,Analysis!$E$5:$E$103,0)) | D8: =SMALL(Analysis!$E$5:$E$103,4)
A9: 5 | B9: =INDEX(Analysis!$A$5:$A$103,MATCH(D9,Analysis!$E$5:$E$103,0)) | C9: =INDEX(Analysis!$B$5:$B$103,MATCH(D9,Analysis!$E$5:$E$103,0)) | D9: =SMALL(Analysis!$E$5:$E$103,5)

Sheet Backtest
A1: Backtest - Buy Most-Fallen Stock, Sell at +6% (₹1,00,000 / 60 slots)
A2: Entry: next day's Open after signal. Exit: TARGET (day's High touches entry x 1.06) or MAX HOLD (forced exit at Close after 90 trading days). Max 60 concurrent positions, at most 1 new buy/day, unlimited sells/day. OPEN rows are marked-to-market at the last available close.
A4: Symbol | B4: Signal Date | C4: Signal % | D4: Entry Date | E4: Entry Price | F4: Exit Date | G4: Exit Price | H4: Return % | I4: Days to +6% | J4: Days to +3% | K4: Status | L4: Exit Reason | M4: Fixed Capital | N4: Fixed P&L | O4: Compound Capital Used | P4: Compound P&L | Q4: Last Price (open) | R4: Unrealized % | U4: Total Capital | W4: 100000
A5: MAHKTECH | B5: 45159 | C5: -0.062941196 | D5: 45160 | E5: 14.39 | F5: 45195 | G5: 15.2534 | H5: 0.06 | I5: 24 | J5: 4 | K5: CLOSED | L5: TARGET | M5: 1666.6667 | N5: 100 | O5: 1666.6667 | P5: 100 | U5: Slots | W5: 60
A6: HNGSNGBEES | B6: 45166 | C6: -0.036126675 | D6: 45167 | E6: 268.8 | F6: 45300 | G6: 242.97 | H6: -0.09609375 | K6: CLOSED | L6: MAX HOLD | M6: 1666.6667 | N6: -160.15625 | O6: 1666.6667 | P6: -160.15625 | U6: Capital / Slot | W6: 1666.6667
A7: MAHKTECH | B7: 45195 | C7: -0.032897887 | D7: 45196 | E7: 14.69 | F7: 45329 | G7: 12.83 | H7: -0.12661675 | K7: CLOSED | L7: MAX HOLD | M7: 1666.6667 | N7: -211.02791 | O7: 1666.6667 | P7: -211.02791 | U7: Max Hold Days | W7: 90
A8: PSUBNKBEES | B8: 45212 | C8: -0.022687305 | D8: 45215 | E8: 56.14 | F8: 45265 | G8: 59.5084 | H8: 0.06 | I8: 34 | J8: 21 | K8: CLOSED | L8: TARGET | M8: 1666.6667 | N8: 100 | O8: 1666.6667 | P8: 100 | U8: Entry Threshold | W8: -0.02
A9: PSUBNKIETF | B9: 45217 | C9: -0.025086013 | D9: 45218 | E9: 50.98 | F9: 45265 | G9: 54.0388 | H9: 0.06 | I9: 31 | J9: 18 | K9: CLOSED | L9: TARGET | M9: 1666.6667 | N9: 100 | O9: 1666.6667 | P9: 100 | U9: Total Trades | W9: 109
A10: HDFCLOWVOL | B10: 45222 | C10: -0.09486048 | D10: 45224 | E10: 14.7 | F10: 45238 | G10: 15.582 | H10: 0.06 | I10: 10 | J10: 0 | K10: CLOSED | L10: TARGET | M10: 1666.6667 | N10: 100 | O10: 1666.6667 | P10: 100 | U10: Closed / Open | W10: 103 / 6
A11: MIDCAP | B11: 45226 | C11: -0.035125572 | D11: 45229 | E11: 11.3 | F11: 45246 | G11: 11.978 | H11: 0.06 | I11: 13 | J11: 8 | K11: CLOSED | L11: TARGET | M11: 1666.6667 | N11: 100 | O11: 1666.6667 | P11: 100 | U11: Exits: Target / Max Hold | W11: 75 / 28
A12: HDFCNIFIT | B12: 45230 | C12: -0.030170392 | D12: 45231 | E12: 30.61 | F12: 45239 | G12: 32.4466 | H12: 0.06 | I12: 6 | J12: 4 | K12: CLOSED | L12: TARGET | M12: 1666.6667 | N12: 100 | O12: 1666.6667 | P12: 100 | U12: Fixed - Realized Profit | W12: 3534.1853
A13: PVTBANKADD | B13: 45231 | C13: -0.034105815 | D13: 45232 | E13: 22.35 | F13: 45264 | G13: 23.691 | H13: 0.06 | I13: 21 | J13: 2 | K13: CLOSED | L13: TARGET | M13: 1666.6667 | N13: 100 | O13: 1666.6667 | P13: 100 | U13: Fixed - Unrealized P&L | W13: -270.72363
A14: HNGSNGBEES | B14: 45306 | C14: -0.028892309 | D14: 45307 | E14: 239.51 | F14: 45351 | G14: 253.8806 | H14: 0.06 | I14: 31 | J14: 26 | K14: CLOSED | L14: TARGET | M14: 1666.6667 | N14: 100 | O14: 1666.6667 | P14: 100 | U14: Fixed - Ending Value | W14: 103263.46
A15: PVTBANIETF | B15: 45315 | C15: -0.052462527 | D15: 45316 | E15: 23.39 | F15: 45398 | G15: 24.7934 | H15: 0.06 | I15: 54 | J15: 8 | K15: CLOSED | L15: TARGET | M15: 1666.6667 | N15: 100 | O15: 1666.6667 | P15: 100 | U15: Fixed - Max Drawdown | W15: 0.031907926
A16: HDFCPVTBAN | B16: 45320 | C16: -0.034977946 | D16: 45321 | E16: 24.37 | F16: 45324 | G16: 25.8322 | H16: 0.06 | I16: 3 | J16: 3 | K16: CLOSED | L16: TARGET | M16: 1666.6667 | N16: 100 | O16: 1666.6667 | P16: 100 | U16: Compounding - Realized Profit | W16: 3501.606
A17: PVTBANKADD | B17: 45321 | C17: -0.032757446 | D17: 45322 | E17: 23.44 | F17: 45397 | G17: 24.8464 | H17: 0.06 | I17: 50 | J17: 44 | K17: CLOSED | L17: TARGET | M17: 1666.6667 | N17: 100 | O17: 1666.6667 | P17: 100 | U17: Compounding - Unrealized P&L | W17: -262.39018
A18: HDFCPVTBAN | B18: 45324 | C18: -0.021953191 | D18: 45327 | E18: 24.71 | F18: 45461 | G18: 25.18 | H18: 0.019020639 | J18: 81 | K18: CLOSED | L18: MAX HOLD | M18: 1666.6667 | N18: 31.701066 | O18: 1666.6667 | P18: 31.701066 | U18: Compounding - Ending Value | W18: 103239.22
A19: FMCGIETF | B19: 45335 | C19: -0.024916652 | D19: 45336 | E19: 55.5 | F19: 45422 | G19: 58.83 | H19: 0.06 | I19: 57 | J19: 54 | K19: CLOSED | L19: TARGET | M19: 1666.6667 | N19: 100 | O19: 1666.6667 | P19: 100 | U19: Compounding - Max Drawdown | W19: 0.031907926
A20: MOVALUE | B20: 45350 | C20: -0.021316473 | D20: 45351 | E20: 93.05 | F20: 45407 | G20: 98.633 | H20: 0.06 | I20: 36 | J20: 4 | K20: CLOSED | L20: TARGET | M20: 1666.6667 | N20: 100 | O20: 1666.6667 | P20: 100
A21: ITIETF | B21: 45356 | C21: -0.02691615 | D21: 45357 | E21: 40.5 | F21: 45492 | G21: 42.93 | H21: 0.06 | I21: 89 | J21: 85 | K21: CLOSED | L21: TARGET | M21: 1666.6667 | N21: 100 | O21: 1666.6667 | P21: 100
A22: HDFCSML250 | B22: 45362 | C22: -0.029341771 | D22: 45363 | E22: 147.2 | F22: 45397 | G22: 156.032 | H22: 0.06 | I22: 21 | J22: 15 | K22: CLOSED | L22: TARGET | M22: 1666.6667 | N22: 100 | O22: 1666.6667 | P22: 100
A23: CPSEETF | B23: 45366 | C23: -0.058586955 | D23: 45369 | E23: 78.6 | F23: 45385 | G23: 83.316 | H23: 0.06 | I23: 10 | J23: 8 | K23: CLOSED | L23: TARGET | M23: 1666.6667 | N23: 100 | O23: 1666.6667 | P23: 100
A24: HDFCNIFIT | B24: 45373 | C24: -0.047480067 | D24: 45377 | E24: 36.5 | F24: 45477 | G24: 38.69 | H24: 0.06 | I24: 67 | J24: 2 | K24: CLOSED | L24: TARGET | M24: 1666.6667 | N24: 100 | O24: 1666.6667 | P24: 100
A25: MON100 | B25: 45404 | C25: -0.03901663 | D25: 45405 | E25: 141.66 | F25: 45422 | G25: 150.1596 | H25: 0.06 | I25: 12 | J25: 3 | K25: CLOSED | L25: TARGET | M25: 1666.6667 | N25: 100 | O25: 1666.6667 | P25: 100
A26: PSUBNKIETF | B26: 45419 | C26: -0.022816064 | D26: 45420 | E26: 72.18 | F26: 45446 | G26: 76.5108 | H26: 0.06 | I26: 18 | J26: 11 | K26: CLOSED | L26: TARGET | M26: 1666.6667 | N26: 100 | O26: 1666.6667 | P26: 100
A27: FINIETF | B27: 45421 | C27: -0.035169492 | D27: 45422 | E27: 23.12 | F27: 45456 | G27: 24.5072 | H27: 0.06 | I27: 24 | J27: 10 | K27: CLOSED | L27: TARGET | M27: 1666.6667 | N27: 100 | O27: 1666.6667 | P27: 100
A28: SMALLCAP | B28: 45422 | C28: -0.028700433 | D28: 45425 | E28: 45.75 | F28: 45453 | G28: 48.495 | H28: 0.06 | I28: 20 | J28: 4 | K28: CLOSED | L28: TARGET | M28: 1666.6667 | N28: 100 | O28: 1666.6667 | P28: 100
A29: PSUBNKBEES | B29: 45426 | C29: -0.020103648 | D29: 45427 | E29: 79.49 | F29: 45446 | G29: 84.2594 | H29: 0.06 | I29: 13 | J29: 6 | K29: CLOSED | L29: TARGET | M29: 1666.6667 | N29: 100 | O29: 1666.6667 | P29: 100
A30: ICICIB22 | B30: 45447 | C30: -0.043321383 | D30: 45448 | E30: 104.8 | F30: 45449 | G30: 111.088 | H30: 0.06 | I30: 1 | J30: 1 | K30: CLOSED | L30: TARGET | M30: 1666.6667 | N30: 100 | O30: 1666.6667 | P30: 100
A31: CPSEETF | B31: 45448 | C31: -0.050247928 | D31: 45449 | E31: 86.1 | F31: 45453 | G31: 91.266 | H31: 0.06 | I31: 2 | J31: 0 | K31: CLOSED | L31: TARGET | M31: 1666.6667 | N31: 100 | O31: 1666.6667 | P31: 100
... A33: MAHKTECH | B33: 45482 | C33: -0.021858895 | D33: 45483 | E33: 13.96 | F33: 45561 | G33: 14.7976 | H33: 0.06 | I33: 54 | J33: 53 | K33: CLOSED | L33: TARGET | M33: 1666.6667 | N33: 100 | O33: 1666.6667 | P33: 100
A34: MOREALTY | B34: 45485 | C34: -0.020742734 | D34: 45488 | E34: 112.19 | F34: 45621 | G34: 102.75 | H34: -0.084142972 | K34: CLOSED | L34: MAX HOLD | M34: 1666.6667 | N34: -140.23829 | O34: 1666.6667 | P34: -140.23829
A35: MONQ50 | B35: 45496 | C35: -0.041792637 | D35: 45497 | E35: 67.97 | F35: 45607 | G35: 72.0482 | H35: 0.06 | I35: 76 | J35: 75 | K35: CLOSED | L35: TARGET | M35: 1666.6667 | N35: 100 | O35: 1666.6667 | P35: 100
A36: PSUBNKBEES | B36: 45517 | C36: -0.050418749 | D36: 45518 | E36: 76.59 | F36: 45650 | G36: 73.36 | H36: -0.042172607 | J36: 3 | K36: CLOSED | L36: MAX HOLD | M36: 1666.6667 | N36: -70.287679 | O36: 1666.6667 | P36: -70.287679
A37: PSUBNKIETF | B37: 45518 | C37: -0.050536837 | D37: 45520 | E37: 69.69 | F37: 45652 | G37: 66.88 | H37: -0.040321423 | J37: 75 | K37: CLOSED | L37: MAX HOLD | M37: 1666.6667 | N37: -67.202372 | O37: 1666.6667 | P37: -67.202372
A38: CPSEETF | B38: 45540 | C38: -0.023872938 | D38: 45541 | E38: 100 | F38: 45673 | G38: 84.55 | H38: -0.1545 | K38: CLOSED | L38: MAX HOLD | M38: 1666.6667 | N38: -257.5 | O38: 1666.6667 | P38: -257.5
A39: HDFCPSUBK | B39: 45546 | C39: -0.052958874 | D39: 45547 | E39: 67.19 | F39: 45630 | G39: 71.2214 | H39: 0.06 | I39: 56 | J39: 14 | K39: CLOSED | L39: TARGET | M39: 1666.6667 | N39: 100 | O39: 1666.6667 | P39: 100
A40: OILIETF | B40: 45548 | C40: -0.034941764 | D40: 45551 | E40: 12.94 | F40: 45681 | G40: 10.53 | H40: -0.1862442 | J40: 12 | K40: CLOSED | L40: MAX HOLD | M40: 1666.6667 | N40: -310.40701 | O40: 1666.6667 | P40: -310.40701
A41: MODEFENCE | B41: 45568 | C41: -0.027021898 | D41: 45569 | E41: 72.3 | F41: 45637 | G41: 76.638 | H41: 0.06 | I41: 46 | J41: 8 | K41: CLOSED | L41: TARGET | M41: 1666.6667 | N41: 100 | O41: 1666.6667 | P41: 100
A42: FMCGIETF | B42: 45574 | C42: -0.038043478 | D42: 45575 | E42: 66.06 | F42: 45705 | G42: 56.03 | H42: -0.15183167 | K42: CLOSED | L42: MAX HOLD | M42: 1666.6667 | N42: -253.05278 | O42: 1666.6667 | P42: -253.05278
A43: HNGSNGBEES | B43: 45580 | C43: -0.037508971 | D43: 45581 | E43: 330 | F43: 45600 | G43: 349.8 | H43: 0.06 | I43: 13 | J43: 5 | K43: CLOSED | L43: TARGET | M43: 1666.6667 | N43: 100 | O43: 1666.6667 | P43: 100
A44: AUTOBEES | B44: 45583 | C44: -0.047800609 | D44: 45586 | E44: 260 | F44: 45715 | G44: 217.16 | H44: -0.16476923 | K44: CLOSED | L44: MAX HOLD | M44: 1666.6667 | N44: -274.61538 | O44: 1666.6667 | P44: -274.61538
A45: AUTOIETF | B45: 45588 | C45: -0.065542826 | D45: 45589 | E45: 25.01 | F45: 45720 | G45: 20.73 | H45: -0.17113155 | K45: CLOSED | L45: MAX HOLD | M45: 1666.6667 | N45: -285.21925 | O45: 1666.6667 | P45: -285.21925
A46: ALPHAETF | B46: 45601 | C46: -0.047289924 | D46: 45602 | E46: 26.2 | F46: 45734 | G46: 21.62 | H46: -0.17480916 | J46: 1 | K46: CLOSED | L46: MAX HOLD | M46: 1666.6667 | N46: -291.3486 | O46: 1666.6667 | P46: -291.3486
A47: SMALLCAP | B47: 45609 | C47: -0.05812197 | D47: 45610 | E47: 48.29 | F47: 45624 | G47: 51.1874 | H47: 0.06 | I47: 8 | J47: 5 | K47: CLOSED | L47: TARGET | M47: 1666.6667 | N47: 100 | O47: 1666.6667 | P47: 100
A48: MAHKTECH | B48: 45618 | C48: -0.069320807 | D48: 45621 | E48: 18.85 | F48: 45684 | G48: 19.981 | H48: 0.06 | I48: 44 | J48: 11 | K48: CLOSED | L48: TARGET | M48: 1666.6667 | N48: 100 | O48: 1666.6667 | P48: 100
A49: HNGSNGBEES | B49: 45628 | C49: -0.026756187 | D49: 45629 | E49: 331.99 | F49: 45635 | G49: 351.9094 | H49: 0.06 | I49: 4 | J49: 4 | K49: CLOSED | L49: TARGET | M49: 1666.6667 | N49: 100 | O49: 1666.6667 | P49: 100
A50: ABSLPSE | B50: 45656 | C50: -0.058695437 | D50: 45657 | E50: 9.7 | F50: 45791 | G50: 9.84 | H50: 0.01443299 | J50: 78 | K50: CLOSED | L50: MAX HOLD | M50: 1666.6667 | N50: 24.054983 | O50: 1666.6667 | P50: 24.054983
A51: PSUBNKIETF | B51: 45657 | C51: -0.051969891 | D51: 45658 | E51: 65.68 | F51: 45792 | G51: 66.58 | H51: 0.013702801 | J51: 74 | K51: CLOSED | L51: MAX HOLD | M51: 1666.6667 | N51: 22.838002 | O51: 1666.6667 | P51: 22.838002
A52: PSUBNKBEES | B52: 45663 | C52: -0.06109282 | D52: 45664 | E52: 71.3 | F52: 45769 | G52: 75.578 | H52: 0.06 | I52: 70 | J52: 69 | K52: CLOSED | L52: TARGET | M52: 1666.6667 | N52: 100 | O52: 1666.6667 | P52: 100
A53: MOM30IETF | B53: 45665 | C53: -0.056405772 | D53: 45666 | E53: 32.05 | F53: 45800 | G53: 30.91 | H53: -0.035569423 | K53: CLOSED | L53: MAX HOLD | M53: 1666.6667 | N53: -59.282371 | O53: 1666.6667 | P53: -59.282371
A54: MOREALTY | B54: 45666 | C54: -0.066554434 | D54: 45667 | E54: 100.5 | F54: 45803 | G54: 94.3 | H54: -0.061691542 | K54: CLOSED | L54: MAX HOLD | M54: 1666.6667 | N54: -102.81924 | O54: 1666.6667 | P54: -102.81924
A55: SMALLCAP | B55: 45685 | C55: -0.11303016 | D55: 45686 | E55: 42.32 | F55: 45694 | G55: 44.8592 | H55: 0.06 | I55: 7 | J55: 1 | K55: CLOSED | L55: TARGET | M55: 1666.6667 | N55: 100 | O55: 1666.6667 | P55: 100
A56: MODEFENCE | B56: 45694 | C56: -0.025269951 | D56: 45695 | E56: 65.21 | F56: 45737 | G56: 69.1226 | H56: 0.06 | I56: 28 | J56: 27 | K56: CLOSED | L56: TARGET | M56: 1666.6667 | N56: 100 | O56: 1666.6667 | P56: 100
A57: MON100 | B57: 45716 | C57: -0.097025678 | D57: 45719 | E57: 182 | F57: 45838 | G57: 192.92 | H57: 0.06 | I57: 79 | J57: 0 | K57: CLOSED | L57: TARGET | M57: 1666.6667 | N57: 100 | O57: 1666.6667 | P57: 100
A58: ITIETF | B58: 45719 | C58: -0.084526945 | D58: 45720 | E58: 40.22 | F58: 45824 | G58: 42.6332 | H58: 0.06 | I58: 68 | J58: 2 | K58: CLOSED | L58: TARGET | M58: 1666.6667 | N58: 100 | O58: 1666.6667 | P58: 100
A59: MASPTOP50 | B59: 45722 | C59: -0.094264695 | D59: 45723 | E59: 54.94 | F59: 45846 | G59: 58.2364 | H59: 0.06 | I59: 81 | J59: 79 | K59: CLOSED | L59: TARGET | M59: 1666.6667 | N59: 100 | O59: 1666.6667 | P59: 100
A60: MONQ50 | B60: 45735 | C60: -0.0840543 | D60: 45736 | E60: 77.39 | F60: 45740 | G60: 82.0334 | H60: 0.06 | I60: 2 | J60: 0 | K60: CLOSED | L60: TARGET | M60: 1666.6667 | N60: 100 | O60: 1666.6667 | P60: 100
A61: HNGSNGBEES | B61: 45737 | C61: -0.035432979 | D61: 45740 | E61: 421.6 | F61: 45868 | G61: 446.896 | H61: 0.06 | I61: 87 | J61: 82 | K61: CLOSED | L61: TARGET | M61: 1666.6667 | N61: 100 | O61: 1666.6667 | P61: 100
A62: MAHKTECH | B62: 45740 | C62: -0.054274859 | D62: 45741 | E62: 24 | F62: 45874 | G62: 23.68 | H62: -0.013333333 | K62: CLOSED | L62: MAX HOLD | M62: 1666.6667 | N62: -22.222222 | O62: 1666.6667 | P62: -22.222222
A63: MONQ50 | B63: 45763 | C63: -0.086923839 | D63: 45764 | E63: 67.94 | F63: 45786 | G63: 72.0164 | H63: 0.06 | I63: 14 | J63: 0 | K63: CLOSED | L63: TARGET | M63: 1666.6667 | N63: 100 | O63: 1666.6667 | P63: 100
A64: PSUBNKBEES | B64: 45783 | C64: -0.032932712 | D64: 45784 | E64: 69.27 | F64: 45791 | G64: 73.4262 | H64: 0.06 | I64: 5 | J64: 3 | K64: CLOSED | L64: TARGET | M64: 1666.6667 | N64: 100 | O64: 1666.6667 | P64: 100
A65: FMCGIETF | B65: 45821 | C65: -0.021338229 | D65: 45824 | E65: 59.3 | F65: 45954 | G65: 60.06 | H65: 0.012816189 | J65: 25 | K65: CLOSED | L65: MAX HOLD | M65: 1666.6667 | N65: 21.360315 | O65: 1766.6667 | P65: 22.641934
A66: PSUBNKBEES | B66: 45827 | C66: -0.031221215 | D66: 45828 | E66: 75.21 | F66: 45835 | G66: 79.7226 | H66: 0.06 | I66: 5 | J66: 1 | K66: CLOSED | L66: TARGET | M66: 1666.6667 | N66: 100 | O66: 1766.6667 | P66: 106
A67: MOREALTY | B67: 45838 | C67: -0.020462033 | D67: 45839 | E67: 99.1 | F67: 45972 | G67: 94.46 | H67: -0.046821393 | K67: CLOSED | L67: MAX HOLD | M67: 1666.6667 | N67: -78.035654 | O67: 1766.6667 | P67: -82.717793
A68: MODEFENCE | B68: 45849 | C68: -0.034228503 | D68: 45852 | E68: 95.85 | F68: 45985 | G68: 86.95 | H68: -0.092853417 | K68: CLOSED | L68: MAX HOLD | M68: 1666.6667 | N68: -154.75569 | O68: 1766.6667 | P68: -164.04104
A69: BANKNIFTY1 | B69: 45901 | C69: -0.020430372 | D69: 45902 | E69: 55.81 | F69: 45946 | G69: 59.1586 | H69: 0.06 | I69: 31 | J69: 11 | K69: CLOSED | L69: TARGET | M69: 1666.6667 | N69: 100 | O69: 1766.6667 | P69: 106
A70: HDFCNIFIT | B70: 45908 | C70: -0.023696297 | D70: 45909 | E70: 36.5 | F70: 45918 | G70: 38.69 | H70: 0.06 | I70: 7 | J70: 0 | K70: CLOSED | L70: TARGET | M70: 1666.6667 | N70: 100 | O70: 1766.6667 | P70: 106
A71: HDFCNIFIT | B71: 45925 | C71: -0.033563884 | D71: 45926 | E71: 36.23 | F71: 45973 | G71: 38.4038 | H71: 0.06 | I71: 30 | J71: 8 | K71: CLOSED | L71: TARGET | M71: 1666.6667 | N71: 100 | O71: 1766.6667 | P71: 106
A72: ITIETF | B72: 45929 | C72: -0.045287955 | D72: 45930 | E72: 36.86 | F72: 45953 | G72: 39.0716 | H72: 0.06 | I72: 15 | J72: 4 | K72: CLOSED | L72: TARGET | M72: 1666.6667 | N72: 100 | O72: 1506.5104 | P72: 90.390625
A73: MAHKTECH | B73: 45945 | C73: -0.038973449 | D73: 45946 | E73: 27.19 | F73: 46078 | G73: 24.71 | H73: -0.091210004 | J73: 8 | K73: CLOSED | L73: MAX HOLD | M73: 1666.6667 | N73: -152.01667 | O73: 1766.6667 | P73: -161.13767
A74: MONQ50 | B74: 45967 | C74: -0.039635662 | D74: 45968 | E74: 97.39 | F74: 46099 | G74: 95.98 | H74: -0.014477872 | J74: 1 | K74: CLOSED | L74: MAX HOLD | M74: 1666.6667 | N74: -24.129787 | O74: 1455.6388 | P74: -21.074552
A75: MON100 | B75: 45978 | C75: -0.02118659 | D75: 45979 | E75: 236.48 | F75: 46111 | G75: 231.54 | H75: -0.020889716 | K75: CLOSED | L75: MAX HOLD | M75: 1666.6667 | N75: -34.816193 | O75: 1766.6667 | P75: -36.905165
A76: MASPTOP50 | B76: 45980 | C76: -0.035603748 | D76: 45981 | E76: 68.48 | F76: 46051 | G76: 72.5888 | H76: 0.06 | I76: 47 | J76: 5 | K76: CLOSED | L76: TARGET | M76: 1666.6667 | N76: 100 | O76: 1766.6667 | P76: 106
A77: MOREALTY | B77: 45985 | C77: -0.055965053 | D77: 45986 | E77: 89.27 | F77: 46120 | G77: 74.57 | H77: -0.16466898 | J77: 29 | K77: CLOSED | L77: MAX HOLD | M77: 1666.6667 | N77: -274.4483 | O77: 1766.6667 | P77: -290.9152
A78: MODEFENCE | B78: 45996 | C78: -0.033578387 | D78: 45999 | E78: 86.49 | F78: 46051 | G78: 91.6794 | H78: 0.06 | I78: 35 | J78: 25 | K78: CLOSED | L78: TARGET | M78: 1666.6667 | N78: 100 | O78: 1766.6667 | P78: 106
A79: HNGSNGBEES | B79: 46020 | C79: -0.029141666 | D79: 46021 | E79: 494.99 | F79: 46029 | G79: 524.6894 | H79: 0.06 | I79: 6 | J79: 4 | K79: CLOSED | L79: TARGET | M79: 1666.6667 | N79: 100 | O79: 1766.6667 | P79: 106
A80: FMCGIETF | B80: 46024 | C80: -0.029084761 | D80: 46027 | E80: 56.52 | F80: 46162 | G80: 54.11 | H80: -0.042639774 | K80: CLOSED | L80: MAX HOLD | M80: 1666.6667 | N80: -71.066289 | O80: 1766.6667 | P80: -75.330267
A81: OILIETF | B81: 46030 | C81: -0.032125206 | D81: 46031 | E81: 11.45 | F81: 46056 | G81: 12.137 | H81: 0.06 | I81: 16 | J81: 0 | K81: CLOSED | L81: TARGET | M81: 1666.6667 | N81: 100 | O81: 1766.6667 | P81: 106
A82: SMALLCAP | B82: 46034 | C82: -0.031424048 | D82: 46035 | E82: 42.73 | F82: 46148 | G82: 45.2938 | H82: 0.06 | I82: 74 | J82: 14 | K82: CLOSED | L82: TARGET | M82: 1666.6667 | N82: 100 | O82: 1766.6667 | P82: 106
A83: INFRAIETF | B83: 46035 | C83: -0.032086871 | D83: 46036 | E83: 95.01 | F83: 46076 | G83: 100.7106 | H83: 0.06 | I83: 27 | J83: 13 | K83: CLOSED | L83: TARGET | M83: 1666.6667 | N83: 100 | O83: 1766.6667 | P83: 106
A84: ITIETF | B84: 46062 | C84: -0.057951013 | D84: 46063 | E84: 39.46 | F84: 46198 | G84: 30.37 | H84: -0.23035986 | K84: CLOSED | L84: MAX HOLD | M84: 1666.6667 | N84: -383.9331 | O84: 1766.6667 | P84: -406.96908
A85: HDFCNIFIT | B85: 46065 | C85: -0.11062879 | D85: 46066 | E85: 34.53 | F85: 46204 | G85: 27.53 | H85: -0.20272227 | J85: 1 | K85: CLOSED | L85: MAX HOLD | M85: 1666.6667 | N85: -337.87045 | O85: 1766.6667 | P85: -358.14268
A86: TNIDETF | B86: 46086 | C86: -0.076574113 | D86: 46087 | E86: 80.6 | F86: 46216 | G86: 85.436 | H86: 0.06 | I86: 84 | J86: 23 | K86: CLOSED | L86: TARGET | M86: 1666.6667 | N86: 100 | O86: 1766.6667 | P86: 106
A87: AUTOIETF | B87: 46093 | C87: -0.088070838 | D87: 46094 | E87: 25.5 | F87: 46121 | G87: 27.03 | H87: 0.06 | I87: 16 | J87: 3 | K87: CLOSED | L87: TARGET | M87: 1666.6667 | N87: 100 | O87: 1766.6667 | P87: 106
A88: HDFCPSUBK | B88: 46098 | C88: -0.07856047 | D88: 46099 | E88: 87.19 | F88: 46234 | G88: 84.61 | H88: -0.029590549 | J88: 13 | K88: CLOSED | L88: MAX HOLD | M88: 1666.6667 | N88: -49.317582 | O88: 1766.6667 | P88: -52.276637
A89: PSUBNKIETF | B89: 46100 | C89: -0.088122729 | D89: 46101 | E89: 85.99 | F89: 46132 | G89: 91.1494 | H89: 0.06 | I89: 17 | J89: 10 | K89: CLOSED | L89: TARGET | M89: 1666.6667 | N89: 100 | O89: 1698.3677 | P89: 101.90206
A90: HDFCPVTBAN | B90: 46101 | C90: -0.075775592 | D90: 46104 | E90: 25.73 | F90: 46120 | G90: 27.2738 | H90: 0.06 | I90: 9 | J90: 9 | K90: CLOSED | L90: TARGET | M90: 1666.6667 | N90: 100 | O90: 1766.6667 | P90: 106
A91: HNGSNGBEES | B91: 46104 | C91: -0.11869039 | D91: 46105 | E91: 464.32 | F91: 46108 | G91: 492.1792 | H91: 0.06 | I91: 2 | J91: 1 | K91: CLOSED | L91: TARGET | M91: 1666.6667 | N91: 100 | O91: 1766.6667 | P91: 106
A92: MOVALUE | B92: 46106 | C92: -0.064081774 | D92: 46108 | E92: 109.37 | F92: 46127 | G92: 115.9322 | H92: 0.06 | I92: 10 | J92: 6 | K92: CLOSED | L92: TARGET | M92: 1666.6667 | N92: 100 | O92: 1766.6667 | P92: 106
A93: MODEFENCE | B93: 46108 | C93: -0.086434225 | D93: 46111 | E93: 80.1 | F93: 46118 | G93: 84.906 | H93: 0.06 | I93: 3 | J93: 1 | K93: CLOSED | L93: TARGET | M93: 1666.6667 | N93: 100 | O93: 1766.6667 | P93: 106
A94: PSUBNKBEES | B94: 46111 | C94: -0.10406786 | D94: 46113 | E94: 88.4 | F94: 46120 | G94: 93.704 | H94: 0.06 | I94: 4 | J94: 0 | K94: CLOSED | L94: TARGET | M94: 1666.6667 | N94: 100 | O94: 1766.6667 | P94: 106
A95: BANKNIFTY1 | B95: 46113 | C95: -0.063766788 | D95: 46114 | E95: 53.09 | F95: 46120 | G95: 56.2754 | H95: 0.06 | I95: 3 | J95: 2 | K95: CLOSED | L95: TARGET | M95: 1666.6667 | N95: 100 | O95: 1766.6667 | P95: 106
A96: OILIETF | B96: 46118 | C96: -0.038010531 | D96: 46119 | E96: 10.84 | F96: 46128 | G96: 11.4904 | H96: 0.06 | I96: 6 | J96: 1 | K96: CLOSED | L96: TARGET | M96: 1666.6667 | N96: 100 | O96: 1526.4284 | P96: 91.585703
A97: HEALTHY | B97: 46119 | C97: -0.032964073 | D97: 46120 | E97: 14.66 | F97: 46136 | G97: 15.5396 | H97: 0.06 | I97: 11 | J97: 5 | K97: CLOSED | L97: TARGET | M97: 1666.6667 | N97: 100 | O97: 1766.6667 | P97: 106
A98: PSUBNKBEES | B98: 46154 | C98: -0.069349791 | D98: 46155 | E98: 91.8 | F98: 46188 | G98: 97.308 | H98: 0.06 | I98: 22 | J98: 11 | K98: CLOSED | L98: TARGET | M98: 1666.6667 | N98: 100 | O98: 1766.6667 | P98: 106
A99: PSUBNKIETF | B99: 46157 | C99: -0.05603152 | D99: 46160 | E99: 81.18 | F99: 46182 | G99: 86.0508 | H99: 0.06 | I99: 15 | J99: 5 | K99: CLOSED | L99: TARGET | M99: 1666.6667 | N99: 100 | O99: 1766.6667 | P99: 106
A100: MAHKTECH | B100: 46167 | C100: -0.026629176 | D100: 46168 | E100: 23.91 | J100: 6 | K100: OPEN | M100: 1666.6667 | N100: -56.461731 | O100: 1766.6667 | P100: -59.849435 | Q100: 23.1 | R100: -0.033877039
A101: CPSEETF | B101: 46168 | C101: -0.022664226 | D101: 46169 | E101: 103.16 | F101: 46191 | G101: 109.3496 | H101: 0.06 | I101: 15 | J101: 15 | K101: CLOSED | L101: TARGET | M101: 1666.6667 | N101: 100 | O101: 1596.379 | P101: 95.782739
A102: HNGSNGBEES | B102: 46169 | C102: -0.020199257 | D102: 46171 | E102: 527.89 | K102: OPEN | M102: 1666.6667 | N102: -147.34762 | O102: 1599.4643 | P102: -141.40635 | Q102: 481.22 | R102: -0.08840857
...
